date,event,severity,exactness,impact
2026-01-07,New Moon (Eclipse Window),MEDIUM,0.56°,New trend initiation
2026-01-22,New Moon (Eclipse Window),MEDIUM,0.00°,New trend initiation
2026-01-26,Mercury Direct (Rx ends),LOW,Station,Volatility eases
2026-02-04,New Moon (Eclipse Window),MEDIUM,0.24°,New trend initiation
2026-02-16,Venus Direct (Rx ends),LOW,Station,Volatility eases
2026-02-18,New Moon (Eclipse Window),MEDIUM,0.32°,New trend initiation
2026-02-20,Jupiter-Saturn Conjunction,HIGH,2.47°,MAJOR TREND SHIFT (20-yr cycle)
2026-03-03,New Moon (Eclipse Window),MEDIUM,0.23°,New trend initiation
2026-03-04,Mars Direct (Rx ends),LOW,Station,Volatility eases
2026-03-07,Mercury Retrograde Starts,LOW,Station,Communication/tech volatility
2026-03-18,New Moon (Eclipse Window),MEDIUM,0.45°,New trend initiation
2026-03-19,Saturn Retrograde Starts,HIGH,Station,Structural market weakness
2026-03-30,New Moon (Eclipse Window),MEDIUM,0.58°,New trend initiation
2026-04-14,New Moon (Eclipse Window),MEDIUM,0.02°,New trend initiation
2026-04-19,Mercury Direct (Rx ends),LOW,Station,Volatility eases
2026-04-27,New Moon (Eclipse Window),MEDIUM,0.45°,New trend initiation
2026-05-11,New Moon (Eclipse Window),MEDIUM,0.21°,New trend initiation
2026-05-24,New Moon (Eclipse Window),MEDIUM,0.41°,New trend initiation
2026-06-03,Mercury Retrograde Starts,LOW,Station,Communication/tech volatility
2026-06-07,New Moon (Eclipse Window),MEDIUM,0.29°,New trend initiation
2026-06-14,Venus Retrograde Starts,MEDIUM,Station,Financial sector stress (rare)
2026-06-20,New Moon (Eclipse Window),MEDIUM,0.30°,New trend initiation
2026-07-04,New Moon (Eclipse Window),MEDIUM,0.36°,New trend initiation
2026-07-17,New Moon (Eclipse Window),MEDIUM,0.03°,New trend initiation
2026-07-17,Mercury Direct (Rx ends),LOW,Station,Volatility eases
2026-07-31,New Moon (Eclipse Window),MEDIUM,0.56°,New trend initiation
2026-08-13,New Moon (Eclipse Window),MEDIUM,0.55°,New trend initiation
2026-08-27,Mercury Retrograde Starts,LOW,Station,Communication/tech volatility
2026-08-28,New Moon (Eclipse Window),MEDIUM,0.26°,New trend initiation
2026-09-10,New Moon (Eclipse Window),MEDIUM,0.25°,New trend initiation
2026-09-24,New Moon (Eclipse Window),MEDIUM,0.13°,New trend initiation
2026-10-07,New Moon (Eclipse Window),MEDIUM,0.07°,New trend initiation
2026-10-08,Saturn Direct (Rx ends),LOW,Station,Volatility eases
2026-10-12,Venus Direct (Rx ends),LOW,Station,Volatility eases
2026-10-14,Saturn-Pluto Conjunction,CRITICAL,1.57°,MAJOR MARKET CRASH RISK
2026-10-21,Mercury Direct (Rx ends),LOW,Station,Volatility eases
2026-10-21,New Moon (Eclipse Window),MEDIUM,0.41°,New trend initiation
2026-11-03,New Moon (Eclipse Window),MEDIUM,0.15°,New trend initiation
2026-11-17,New Moon (Eclipse Window),MEDIUM,0.53°,New trend initiation
2026-11-20,Mercury Retrograde Starts,LOW,Station,Communication/tech volatility
2026-11-30,New Moon (Eclipse Window),MEDIUM,0.18°,New trend initiation
2026-12-15,New Moon (Eclipse Window),MEDIUM,0.49°,New trend initiation
2026-12-27,New Moon (Eclipse Window),MEDIUM,0.43°,New trend initiation
